{
    "name":"LookBook",
    "widgetVersion": 2,
    "thumbnail":"lookbook.png",
    "templateType":"standard",
    "pageTypes": [ "home" ],
    "screenshot":"lookbook-screenshot.jpg",
    "images":[
        "images/feature-image.jpg",
        "images/gallery/gallery-image--1.jpg",
        "images/gallery/gallery-image--2.jpg",
        "images/gallery/gallery-image--3.jpg",
        "images/gallery/gallery-image--4.jpg",
        "images/gallery/gallery-image--5.jpg",
        "images/gallery/gallery-image--6.jpg",
        "images/gallery/gallery-image--7.jpg",
        "images/gallery/gallery-image--8.jpg"
    ],
    "colorSwatches":
    {
        "Swatch 1": {
            "color1":"#000000",
            "color2":"#1c164f",
            "color3":"#e1afb8",
            "color4":"#e5cbc2",
            "color5":"#bce0ed",
            "color6":"#c2c8d6",
            "color7":"#ffffff"
        }
    },
    "fontSwatch": {
       "title": "Abril Fatface / Karla",
        "font1": {
            "font-family": "\"Karla\", Tahoma, Verdana, sans-serif",
            "font-size": "64px",
            "font-weight": "400",
            "line-height": "72px",
            "color": "@color-swatch2",
            "letter-spacing": "-2px"
        },
        "font2": {
            "font-family": "\"Karla\", Tahoma, Verdana, sans-serif",
            "font-size": "42px",
            "font-weight": "400",
            "line-height": "42px",
            "color": "@color-swatch2",
            "letter-spacing": "-1px"
        },
        "font3": {
            "font-family": "\"Karla\", Tahoma, Verdana, sans-serif",
            "font-size": "32px",
            "font-weight": "700",
            "line-height": "32px",
            "color": "fade(@color-swatch2, 80%)",
            "letter-spacing": "-1px"
        },
        "font4": {
            "font-family": "\"Abril Fatface\", Georgia, serif",
            "font-size": "30px",
            "font-weight": "400",
            "line-height": "42px",
            "color": "@color-swatch3",
            "letter-spacing": "0"
        },
        "font5": {
            "font-family": "\"Karla\", Tahoma, Verdana, sans-serif",
            "font-size": "20px",
            "font-weight": "400",
            "line-height": "33px",
            "color": "fade(@color-swatch1, 75%)",
            "letter-spacing": "-1px"
        },
        "font6": {
            "font-family": "\"Karla\", Tahoma, Verdana, sans-serif",
            "font-size": "16px",
            "font-weight": "700",
            "line-height": "19px",
            "color": "@color-swatch2",
            "color-hover": "@color-swatch1",
            "letter-spacing": "1px",
            "background-color": "@color-swatch2",
            "background-color-hover": "@color-swatch1"
        },
        "font7": {
            "font-family": "\"Karla\", Tahoma, Verdana, sans-serif",
            "font-size": "16px",
            "font-weight": "700",
            "line-height": "18px",
            "color": "@color-swatch7",
            "letter-spacing": "1px",
            "background-color": "@color-swatch2",
            "background-color-hover": "@color-swatch1"
        },
        "font8": {
            "font-family": "\"Abril Fatface\", Georgia, serif",
            "font-size": "80px",
            "font-weight": "400",
            "line-height": "72px",
            "color": "@color-swatch2",
            "letter-spacing": "0"
        },
        "font9": {
            "font-family": "\"Karla\", Tahoma, Verdana, sans-serif",
            "font-size": "100px",
            "font-weight": "400",
            "line-height": "100px",
            "color": "@color-swatch7",
            "letter-spacing": "-8px"
        },
        "font10": {
            "font-family": "\"Karla\", Tahoma, Verdana, sans-serif",
            "font-size": "64px",
            "font-weight": "400",
            "line-height": "72px",
            "color": "@color-swatch7",
            "letter-spacing": "-5px"
        }
    },
    "styles": {
        "colors": {
            "color__primary": "@color-swatch2",
            "color__secondary": "@color-swatch3"
        },
        "site": {
            "color__body--background": "@color-swatch7",
            "color__container--background": "fade(@color-swatch2, 50%)",
            "color__link--text": "@color-swatch5",
            "font__companyname--font-family": "@font-swatch8-font-family",
            "font__companyname--font-size": "@font-swatch8-font-size",
            "font__companyname--font-weight": "@font-swatch8-font-weight",
            "font__companyname--line-height": "@font-swatch8-line-height",
            "font__companyname--letter-spacing": "@font-swatch8-letter-spacing",
            "color__companyname--text": "@font-swatch8-color"
        },
        "typography": {
            "font__h1--font-family": "@font-swatch1-font-family",
            "font__h1--font-size": "@font-swatch1-font-size",
            "font__h1--font-weight": "@font-swatch1-font-weight",
            "font__h1--line-height": "@font-swatch1-line-height",
            "font__h1--letter-spacing": "@font-swatch1-letter-spacing",
            "color__h1--text": "@font-swatch1-color",
            "font__h2--font-family": "@font-swatch2-font-family",
            "font__h2--font-size": "@font-swatch2-font-size",
            "font__h2--font-weight": "@font-swatch2-font-weight",
            "font__h2--line-height": "@font-swatch2-line-height",
            "font__h2--letter-spacing": "@font-swatch2-letter-spacing",
            "color__h2--text": "@font-swatch2-color",
            "font__h3--font-family": "@font-swatch3-font-family",
            "font__h3--font-size": "@font-swatch3-font-size",
            "font__h3--font-weight": "@font-swatch3-font-weight",
            "font__h3--line-height": "@font-swatch3-line-height",
            "font__h3--letter-spacing": "@font-swatch3-letter-spacing",
            "color__h3--text": "@font-swatch3-color",
            "font__h4--font-family": "@font-swatch4-font-family",
            "font__h4--font-size": "@font-swatch4-font-size",
            "font__h4--font-weight": "@font-swatch4-font-weight",
            "font__h4--line-height": "@font-swatch4-line-height",
            "font__h4--letter-spacing": "@font-swatch4-letter-spacing",
            "color__h4--text": "@font-swatch4-color",
            "font__p--font-family": "@font-swatch5-font-family",
            "font__p--font-size": "@font-swatch5-font-size",
            "font__p--font-weight": "@font-swatch5-font-weight",
            "font__p--line-height": "@font-swatch5-line-height",
            "font__p--letter-spacing": "@font-swatch5-letter-spacing",
            "color__p--text": "@font-swatch5-color"
        },
        "header": {
            "color__header--background": "@color-swatch7"
        },
        "footer": {
            "color__footer--background": "@color-swatch7"
        },
        "navigation": {
            "font__navigation--font-family": "@font-swatch6-font-family",
            "font__navigation--font-size": "@font-swatch6-font-size",
            "font__navigation--font-weight": "@font-swatch6-font-weight",
            "font__navigation--line-height": "@font-swatch6-line-height",
            "font__navigation--letter-spacing": "@font-swatch6-letter-spacing",
            "color__navigation-list--background": "@color-swatch5",
            "color__navigation--text": "@font-swatch6-color",
            "color__navigation--text--hover": "@color-swatch5",
            "color__navigation--text--selected": "darken(@color-swatch5, 5%)"
        },
        "form": {
            "color__form--border": "@color-swatch2",
            "color__form-legend--text": "@color-swatch1",
            "color__form-legend--background": "fade(@color-swatch2, 5%)"
        },
        "button": {
            "font__button--font-family": "@font-swatch7-font-family",
            "font__button--font-size": "@font-swatch7-font-size",
            "font__button--font-weight": "@font-swatch7-font-weight",
            "font__button--line-height": "@font-swatch7-line-height",
            "font__button--letter-spacing": "@font-swatch7-letter-spacing",
            "color__button--text": "@font-swatch7-color",
            "color__button--text--hover": "@font-swatch7-color",
            "color__button--background": "@font-swatch7-background-color",
            "color__button--background--hover": "@font-swatch7-background-color-hover",
            "color__button--border": "@font-swatch7-background-color"
        },
        "gallery": {
            "color__gallery-caption--background": "@color-swatch3",
            "color__gallery-title--text": "@color-swatch7",
            "color__gallery-description--text": "@color__h1--text"
        },
        "slideshow": {
            "color__slideshow-caption--background": "@color-swatch3",
            "color__slideshow-title--text": "@color-swatch7",
            "color__slideshow-description--text": "@color__h1--text",
			"color__slideshow-pagination-item--background": "@color__button--background",
			"color__slideshow-pagination-item--background--hover": "@color__button--background--hover",
			"color__slideshow-pagination-item--background--selected": "@color-swatch7"
        },
        "feature": {
            "color__feature-content--background": "@color-swatch3",
            "font__feature-headline--font-family": "@font-swatch9-font-family",
            "font__feature-headline--font-size": "@font-swatch9-font-size",
            "font__feature-headline--font-weight": "@font-swatch9-font-weight",
            "font__feature-headline--line-height": "@font-swatch9-line-height",
            "font__feature-headline--letter-spacing": "@font-swatch9-letter-spacing",
            "color__feature-headline--text": "@font-swatch9-color",
            "font__feature-strapline--font-family": "@font-swatch10-font-family",
            "font__feature-strapline--font-size": "@font-swatch10-font-size",
            "font__feature-strapline--font-weight": "@font-swatch10-font-weight",
            "font__feature-strapline--line-height": "@font-swatch10-line-height",
            "font__feature-strapline--letter-spacing": "@font-swatch10-letter-spacing",
            "color__feature-strapline--text": "@font-swatch10-color",
            "color__feature-button--text": "@color__button--text",
            "color__feature-button--border": "@color__button--background",
            "color__feature-button--background": "@color__button--background",
            "color__feature-button--background--hover": "@color__button--background--hover"
        },
        "blog": {
			"color__blogpostlist--background": "@color-swatch2",
            "color__blogpost-title--background": "@color-swatch7",
            "color__blogpost-title--text": "fade(@color-swatch2, 10%)"
        },
        "ecommerce": {
			"color__ecomproductslist--background": "@color-swatch2",
            "color__ecomproductslist-product-title--text": "@color__p--text",
			"color__ecomproductslist-product-item--background": "@color__body--background",
			"color__ecomproduct-images--background": "@color__body--background",
			"color__ecomproduct-content--background": "@color__form-legend--background",
            "color__ecomproduct-title--text": "@color__h2--text",
            "color__ecomproduct-price--text": "@color__p--text",
			"color__ecombasket--background": "@color-swatch2",
			"color__ecombasket-list--background": "@color__body--background"
        },
        "menu": {
            "color__menusections--background": "fade(@color-swatch2, 5%)",
            "color__menu--background": "fade(@color-swatch2, 10%)",
            "color__menu-section-header--background": "fade(@color-swatch2, 5%)",
            "color__menu-section-featured--background": "fade(@color-swatch2, 5%)"
        }
    }
}